"bill_city","mon_data_city","mon_sms_city","mon_voice_city","serv_tick_m1to6_city","serv_tick_m7to8_city","data_roam_city","long_d_min_city","long_d_spend_city","tot_pay_city"
"Medicine Hat",5.33724436631558,346.43909671237,215.555796563495,0.381269322754815,0.394049281747592,2.93287649354897,39.2709690774791,1.60271794524529,65.5639721836625
"Bow Island",5.38569982071141,892.041949441507,188.102323052371,0.24640959110111,0.260076853157532,2.09501313744113,39.2471926938742,1.88708182122885,61.8238233967415
"Redcliff",4.73338735392351,514.99688730967,191.51561503189,0.385633142944425,0.394970636162216,2.44436125096399,39.4057206762955,1.87422487650402,62.4586845279914
"Milk River",3.97384101568279,194.6382277071,188.971025225466,0.619675655430183,0.624765352504328,2.29386974102817,36.1764819966629,1.31865258126362,60.2955052003678
"Raymond",5.38081448165261,865.725266453847,183.649563014405,0.260451534111053,0.27546109724248,2.75927632453386,37.4373103864491,1.69935936159012,63.111915039607
"Lethbridge",5.48328144098797,600.183769244687,174.743968147075,0.336494114296511,0.349632169492123,2.52953264303505,39.1870115802158,1.47180131689741,61.162998528854
"Coalhurst",5.01478496594767,852.096093687429,243.746440648528,0.656130901817232,0.660383047428375,3.3058342585573,35.9342513384763,1.25766247931951,62.9069488320076
"Picture Butte",5.65237790693294,392.484819695414,179.482887452071,0.874822342116386,0.877968857334927,2.8697347776033,38.6671867291443,0.929081239284544,62.1177871924496
"Coaldale",5.25787701361893,546.301152958179,206.501491555164,0.762068240018561,0.763540362259373,3.21307960979175,39.984112578677,1.63623733569654,63.0170753138819
"Taber",5.23288151846374,174.295497731098,196.554427985067,0.313558610202745,0.320061365365982,2.93272474757396,35.4084255150519,2.42583326324457,64.6017848735434
"Vauxhall",5.06730660657408,634.582107499608,169.860687697887,0.589249384636059,0.59319725997746,2.55164211324882,38.2743833912537,1.75294920642112,62.2822382159572
"Brooks",5.27646350678666,286.061836316598,204.02243540957,1.02972553814761,1.03111912558321,2.68038510158658,37.7108796813991,1.18243559159456,62.6134744497048
"Bassano",3.93889680153969,320.112026934271,227.754065245173,0.310490895342082,0.31255610241089,1.40712002897635,38.4254135831725,1.93366318480651,61.7927965452881
"Magrath",4.98331881740254,747.820875072919,209.730526620287,0.339470981201157,0.340062285894528,2.11914006748702,39.6047056966927,2.42545395861063,62.246500389997
"Cardston",5.03842801457597,261.75703118865,226.704833325675,0.569415989844128,0.571670484747738,2.35188481328078,38.7936146534048,1.82662762388224,61.2815114940784
"Pincher Creek",4.44349048565895,215.199010919555,227.056762673169,0.522267135838047,0.563537098530442,2.36496079585049,38.3277658326551,1.81764897269954,61.0963814707023
"Fort Macleod",4.53321304709867,608.622386384751,175.348164750559,0.700755748245865,0.709354195380163,1.76660330872983,38.3864977734629,1.79844750356862,63.9094537996179
"Granum",3.53086027292495,290.783303536756,211.650602421958,0.427804133901373,0.439921673054104,1.40074255573563,36.5093186392915,1.35896534905005,61.7127658256191
"Claresholm",4.77512856520291,647.889562768127,163.616629995962,0.329318221239373,0.356575586058802,2.66352703457233,38.7901365954895,1.21746922819661,62.4662600388469
"Stavely",4.21382931055973,871.44058732647,221.353629751341,0.396889514336362,0.412157901161441,2.30014988302719,38.4835491934791,2.68371664826131,61.0970976453492
"Nanton",6.34885658330534,815.461402190174,235.683013095804,0.595639958791435,0.603428038404834,2.80415384285152,37.5972866779193,1.83470835814358,64.3968938662583
"Hanna",4.40113514243583,528.555579352947,219.517357114386,0.668912878539413,0.671156559283845,2.40872568031773,35.7739618385676,1.7892179254239,62.6482947435743
"Oyen",3.89144657934601,430.868895753132,207.806962603185,0.878304572822526,0.878655207737824,1.00676340353675,36.0309313458856,1.97149443758447,63.2662832728863
"Vulcan",3.87711973623592,598.065632119998,207.232721904662,0.411576665751636,0.425596687811518,2.14247520593926,36.632653339766,1.87038045756965,63.2298220010143
"Strathmore",5.79414698021302,677.062128050544,227.65362787979,0.755004208348691,0.763909586760437,2.88810136693064,37.6636084611528,2.54792627453692,64.8926233833063
"Drumheller",4.87160084654814,608.686702961527,200.985606068144,1.0013903265819,1.02303952379026,1.42301340634003,37.9788267170079,2.12414306205602,63.1455967653825
"Three Hills",5.33484811482014,601.375462063669,220.750934680353,0.522363700950518,0.544200896870947,2.61772215878591,38.1433390802704,1.20637171443085,63.241536822718
"Trochu",5.09448352185051,387.3650352512,222.161138514502,0.370387197984383,0.375530340461992,2.05819824466016,36.6656772152055,1.4972115683039,63.262185107573
"High River",5.57837535907477,434.989480690574,239.654507243206,0.453814275376499,0.455530939861959,2.68798062705901,38.9736714435276,2.12742863709757,65.9324676710977
"Turner Valley",5.33173030030161,264.536609196622,213.692618968542,0.275992924394086,0.280922403950244,2.51441654749215,38.4095452656038,1.85477443418574,62.911646344528
"Black Diamond",4.31177461780855,696.964238205651,220.649225826515,0.605162196606398,0.606084987707436,2.93667000916321,35.5968904297333,1.69919769048554,63.6312336452956
"Okotoks",5.80595053019735,486.662715284376,255.820736105096,0.396216810727492,0.413318045089177,3.03340297855902,36.9218932278454,1.19877722433517,60.8177882956696
"Calgary",5.7876845498737,772.673197611942,246.789932622846,0.535161338793114,0.539700112286873,3.34670798608568,36.8556301598437,1.44468543372933,65.0736755253488
"Chestermere",5.93788971187062,584.125712841617,258.892093540727,0.54939313842915,0.550120545011014,2.74002080049831,38.7071791396011,1.46859713168761,65.747692246449
"Cochrane",5.40511435506023,177.187907407118,251.37585509355,0.643410919746384,0.643506838267515,3.04990492027719,37.7087218628731,1.48091679173583,65.4874145771545
"Airdrie",5.25450089982745,583.054682224035,245.168335847904,0.456458312738687,0.463120932560414,2.68961073737592,35.5899531347677,2.55857607325145,66.8385925125921
"Irricana",5.33574439416646,595.244525926303,235.438596819167,0.349530128808692,0.388512593682618,2.35674037458375,37.1040512190666,2.72175995350069,65.0184688298182
"Crossfield",3.36099204038263,508.748498419421,246.207790245197,0.631228864239529,0.639522204216811,1.29707758058794,39.2526720289607,2.03035601186785,62.9202570420032
"Carstairs",4.18295151137929,263.044213630427,207.842424544493,0.907169879460707,0.910393336373381,2.0757975266315,39.6511535253376,1.42082394868284,60.974184196914
"Didsbury",4.7356384119815,699.69539211476,187.051795059396,0.629774474818259,0.634146721288562,2.17803573131096,35.4053250188008,2.41283369561481,64.032298018147
"Olds",5.60993809276266,112.058728511633,237.113912544713,0.672461929079145,0.672941122017801,2.92505968629848,36.6308197798207,1.35721299059666,62.7448954016028
"Sundre",3.49546154538068,746.475458249505,165.758748623423,1.19409714015201,1.2090405688424,1.13883444620296,37.8979614551645,1.72563953206916,61.0374751821689
"Provost",5.76133923443524,668.24865414244,258.974419300702,1.11478850878775,1.13170298734596,2.72692080319393,37.9714113147929,2.09503800511766,64.7112503716215
"Coronation",3.84845946669017,386.896390199665,207.08107993111,1.00384308169596,1.00553101400845,1.63876737747341,36.3684411928989,2.65438128783137,63.2758234472789
"Castor",5.05727961622957,824.143677811979,184.114854370809,1.19699667096138,1.20384786067531,2.10237523878459,39.2111656325869,1.66381558072192,62.356451896881
"Stettler",5.40482460236829,505.357571837643,219.190401806364,0.770359901990741,0.789167741089219,2.58170561899897,35.6226870755199,2.52592161470932,63.5305851397911
"Daysland",6.08273500540101,323.539311116574,223.505866530384,0.54620394045487,0.54783761544745,2.51893626397941,35.5853876052424,1.89198053483325,63.8031316767707
"Killam",3.43543624646827,633.677507032946,198.83060558968,0.565344795864075,0.568073239506653,1.2901800875552,38.3936684881337,1.35971256567697,61.8629057293837
"Sedgewick",5.13379987477251,492.126856486436,206.386927055873,0.681981131481007,0.683102492214171,2.03993994568009,36.9172094843816,1.69482260823995,61.9999841420578
"Hardisty",4.18065394394451,67.1417197715044,219.70646100027,0.47168985735625,0.476343470891006,1.84703290881589,38.8348925695755,1.82317516861087,61.8637047161878
"Wainwright",4.90649420609737,391.564009522235,286.732305078206,0.791494459658861,0.808803141172135,2.98696307418868,37.1932436712086,1.26176080382454,64.3220975447701
"Bowden",5.92026559292842,122.72626845817,171.570999477491,0.493002046644688,0.502255765813914,2.82744313939475,38.296617338201,2.65363572441466,64.4604542350341
"Innisfail",5.06701344865132,327.760927422272,177.171446807083,1.02445697695948,1.03615978265139,2.30907010030933,39.2488263093401,2.50669951669991,64.0157380320308
"Penhold",5.67518918752993,359.309430053369,261.953002849322,0.602539790840819,0.615117531437007,2.7507491002325,35.359937598696,2.36705731498143,62.7100113140302
"Red Deer",6.23273251061533,811.503317961071,243.620730014014,0.40885588764213,0.411940925265662,3.23071134253405,39.9829227139708,2.0891883124405,65.7180962065238
"Sylvan Lake",5.64652681677277,155.383837206485,251.750213613325,0.496164959901944,0.503581196125177,2.8547696955502,37.462286077207,1.12070762448378,61.6939710763767
"Eckville",5.58657636346148,470.58353774303,226.523451564065,0.574461398925632,0.589660401343459,2.98826485907193,36.9657932838891,1.84141584756649,65.3748128171663
"Bentley",4.78201631114465,489.638734201792,227.733058018169,0.799570155143738,0.816263754534626,2.52370005846024,39.7740743414033,2.26056756138493,61.8841800262426
"Blackfalds",5.66780703351216,362.079492476389,255.205853215589,0.95786119280383,0.963726742239669,2.83759240107611,37.895005872706,1.77545154691069,63.9165873885679
"Lacombe",4.35936438483689,301.151473283816,222.94284796735,0.979753310140222,0.981410504807718,2.60189697553869,37.5187312799972,2.20456886021257,65.639011961091
"Ponoka",5.50632211186014,598.381528748767,241.329067828068,0.629202102823183,0.640432164500979,2.39271440077573,39.9971272610128,2.54158162844356,64.0394516952887
"Rimbey",4.36595413298663,545.047392774285,186.517299825853,0.769551052525639,0.774359878925607,1.17209717584774,38.4516482881736,2.42629786441547,62.532349287081
"Rocky Mountain House",4.92759754547298,498.651249250382,212.499374460511,0.3563256890513,0.363615683955304,2.80404395994265,38.0955808935687,1.3913551593069,64.7412193464297
"Bashaw",2.82822550279541,502.95124029661,173.970801653864,0.47905631554313,0.50155412482903,1.92781636724249,37.831179095665,2.43385846426982,61.0165232499492
"Camrose",5.47505690702078,778.669706674262,194.232330869137,0.952403353573754,0.952641851771623,2.52382801880594,37.6120070158504,2.21559772319931,62.5380335336769
"Tofield",3.80891510029013,647.402315201095,215.460887237655,0.243501110747457,0.248689729681585,1.37057830486447,37.031789306784,1.92199306029555,63.9024668612058
"Viking",4.1698285167155,380.618882726685,203.379019412876,0.955054536275566,0.961405796804465,2.08948617090937,38.7515432224609,2.4344727586058,64.3919624572648
"Vegreville",4.83323341281347,420.406810262894,183.506390560501,0.604876509448513,0.612345226406631,2.38614576612599,38.3589581039269,1.79594073677046,63.1603236049804
"Lloydminster (Part)",5.30340557803701,395.15784934077,248.588858550158,1.12786151892506,1.13246513549704,3.13666601513978,38.6580167303327,1.22197479228076,62.7847851422603
"Vermilion",3.98206063676667,696.480255906957,216.029773635455,1.05343823162839,1.0814243941551,2.11612195370253,35.524579474004,1.82757610282037,64.4821656094561
"Two Hills",4.28708314480115,368.501308368822,180.672301848164,0.639849691232666,0.646491999160498,2.04599365056492,39.7458493243903,2.32238302412462,62.5664824485119
"Mundare",4.78935840137086,231.672959770441,198.929382497492,0.29184120525606,0.300194361870688,1.79111163155176,37.5675564096309,1.46238240959019,63.7402207067595
"Lamont",4.67556822542222,567.14511792212,214.752161838483,0.34250339474529,0.360544943138117,1.79794783587568,36.3277506455779,1.47331793913565,63.7340484223911
"Bruderheim",4.64565095344435,644.223449530361,240.782503644268,0.250328212790191,0.275588494258604,1.93427392072044,37.523278609151,1.20918822037482,63.0706021391179
"Wetaskiwin",5.99007997778427,586.744641806866,206.251706281041,0.982028402434662,0.985394711055991,2.76115501206368,36.4515048032627,1.83374250002254,64.2107806576757
"Millet",5.13885958678801,659.107466159498,231.126219814608,1.04002560772933,1.04319267313927,2.6456750909565,39.3796619807836,2.13712211005884,61.4032562437066
"Beaumont",5.14610610229932,482.867792616029,237.655172400677,0.881718560634181,0.89759862174196,3.24264384049457,36.7612258065492,1.29318056351334,62.752247078899
"Leduc",5.53854621900738,102.535883876005,228.560409972351,1.0578606818337,1.06162458183053,2.70891950000077,39.4316772476304,1.21765714710347,62.1255914510392
"Devon",5.46358972089376,521.906547286378,245.469633915127,0.416920904116705,0.421290119537152,2.84677279018797,35.2298807026818,1.97978628358998,63.7580889961736
"Calmar",5.33919974284307,670.816217922941,223.256005150069,0.826315209781751,0.862436906990779,2.63412902166601,36.323497670237,1.30474559697527,65.0828122447824
"Drayton Valley",3.91813339795445,593.016770962724,216.731964596903,0.754309409577399,0.774741084984595,1.6893828867469,39.1872100834735,2.71698234040834,62.5620835400038
"Stony Plain",5.92115055184673,313.421124466005,250.578377896035,0.543154121655971,0.547574198397754,2.53837600932457,39.5743926952127,2.97013828657733,64.1462532997419
"Spruce Grove",6.23547600635839,608.415168208376,229.930484571189,0.855334211187437,0.858059210018255,3.05408559192438,35.075062821852,1.57882988534538,66.8262608587458
"Fort Saskatchewan",6.05711252715571,714.514597746784,264.551697460598,1.04980728826486,1.05286844765302,2.55337640247308,38.8403422560077,1.84314008625664,64.9213998813417
"Edmonton",5.13945223562964,1006.10440624724,204.05874708053,0.536484233150259,0.540151839805578,3.30640386184677,37.7320557460189,1.33963473980568,61.0506363710323
"St. Albert",6.15068739108339,747.102328929374,243.628088025234,1.09404894202016,1.10901807415215,3.2163859467255,38.1818244850729,2.82225574981227,66.4487743497889
"Gibbons",4.68541875371419,473.411484990258,222.604183724061,1.16896515740082,1.17811229884582,2.16259905486368,39.8167046904564,2.77264522000294,64.2440365023919
"Redwater",3.10159439056424,636.993166238356,212.292525069843,0.897786235483363,0.916415335618982,1.5090391386766,38.4336077899206,2.22390505448992,63.0617858021208
"Bon Accord",5.16982742327246,716.603168935405,229.747895139883,0.909437418030575,0.91766807728405,2.80331530387048,35.1901826600078,0.759385096990514,62.7615869746977
"Morinville",5.63674705688787,646.306828440986,262.419135975116,0.513336697407067,0.519480084488168,3.34827834321186,38.1314474355895,1.3050753145081,64.1809968810408
"Legal",5.02959871022284,581.230232716422,236.9124266671,0.568402724387124,0.576464634410139,2.71176596765872,35.7773134345189,1.9380229190728,65.9000147452504
"Cold Lake",3.29351581304196,651.391794595462,232.850044195335,0.372174075385556,0.378674936993048,1.57959288801067,36.1010335653555,1.46511469284109,61.7850381698695
"Bonnyville",4.68313882908311,127.83405257119,264.72966393659,0.818742370977998,0.823713139076717,2.4044793973444,35.1376988948323,2.51657245244959,65.2055919938561
"Elk Point",5.03095314489842,398.821337853805,235.070190270151,0.784010117454454,0.7983196198375,2.31092802714556,35.0649011041969,2.70065867801766,64.9446437924681
"St. Paul",5.06470688371747,831.635065209593,238.411878559415,0.383547443011776,0.413601358838562,2.9548401106149,39.6419230371248,1.37161989269971,62.1222375918586
"Smoky Lake",3.56987622877574,590.309989917654,218.431489038238,0.464254384674132,0.4732824797831,1.63253256655298,39.9568718066439,1.73912356942812,61.9637114408657
"Mayerthorpe",5.13388493426149,312.860952619939,201.71350079248,0.977882085880265,1.00652051928371,2.03093229513615,38.3388333453331,1.38744252802428,61.6387662160051
"Onoway",4.83812183315038,382.474482565389,198.094323836424,0.485131519194692,0.491556464373134,2.19917594559956,38.3434155362193,1.77480496741527,62.5647043457358
"Barrhead",4.97120707550607,245.721674004697,213.531043227911,0.984450600389391,0.994289407729682,2.53392044501379,35.5625820683781,2.09362505156718,64.0199117745427
"Whitecourt",5.02448928432189,780.125748768461,215.478354599045,1.08052740530111,1.11495212056506,2.48921030643396,37.2576998046134,1.55550300611443,64.5768795141586
"Westlock",4.4681218402436,99.6206299097643,194.234565430212,1.12532809381373,1.14993830717547,2.49552050512284,36.0042809310835,2.34712639324043,63.7646601193537
"Athabasca",4.24837017451601,810.6985512111,228.146981132706,1.04394680941477,1.0478055247584,1.7339065305423,39.952071987791,1.53038612149084,61.6758314615867
"Hinton",4.26943201423238,170.468246988252,248.590742471652,0.707617947179824,0.715937955388379,2.34661825187504,38.5101435740944,1.51638999684734,63.4465727327682
"Edson",2.99995535742178,754.935849592352,239.272695387806,0.865681796846911,0.868489805245772,1.05482359859161,36.2997373670805,1.78483134690272,62.4040644896526
"Canmore",4.72089171193874,898.991529688709,210.176373179502,1.05208526835777,1.05339682264854,1.17462647520006,35.5083882226609,1.97342540025107,66.4480483194444
"Banff",5.53372272471339,539.945360620379,211.709437415063,0.856954262172803,0.867580122864989,3.33539795677643,38.242903953651,2.17955537468996,64.6023433011537
"High Prairie",5.30902291543831,479.622806088353,236.670308553795,0.55433110431768,0.556933229081333,2.14100612071343,38.4298551501706,2.63210679269427,65.6122225558508
"Swan Hills",4.49807638428416,388.504739276339,267.449482146211,1.0546747895889,1.0796734935313,1.22392887040041,38.6896817130037,1.41331153862387,63.4933720064367
"Slave Lake",5.00843514304655,725.162703497053,214.937535874973,0.4600961944554,0.469327805321244,2.89674276672304,36.6261543706059,2.23359232982443,63.9700475093005
"Manning",4.55560782858617,760.456434095648,220.427153587593,1.00014380882494,1.00087886963971,2.18390490137972,35.6790956365876,2.30919650277932,63.3408242686652
"High Level",4.4191823043561,441.663896207393,246.205557948108,0.415116060106084,0.435088451215157,1.66013215412386,35.9378334728535,1.85759895498443,62.6010597385201
"Rainbow Lake",3.91585358461996,250.207316141985,254.468645598265,1.13119677552022,1.13580718052108,1.284776939312,38.295154570369,0.842912584683631,61.9669883100572
"Fox Creek",4.10354276596831,684.783838192096,239.317733585271,0.710967091657221,0.713944322858006,1.04229257442057,37.8900601167697,2.46758196636359,64.4136916051487
"Grande Cache",4.55179310401375,475.875884457451,243.368077058205,0.532545707933605,0.547069785659657,1.41174057219177,38.5788841277827,3.51134338109443,67.6139951433857
"Valleyview",5.23029649616992,433.900092364657,214.147609354635,0.57967447261326,0.579910977766889,1.06013544066809,37.0647564495448,2.429898522546,64.1263971869365
"Beaverlodge",6.01909003047932,498.998711165556,224.263821263707,0.495680842828006,0.502023486206308,2.92021743406076,37.4544360034633,2.32146918288412,62.8724825947138
"Wembley",4.29300826494308,356.544870504918,180.074736100002,1.05125220380723,1.05416807261296,2.10980601643678,39.7806974174455,1.9908049002871,63.0650788506529
"Grande Prairie",6.00331578484891,459.954747241249,239.186549074898,0.720486682653427,0.727921371971768,2.9561674259603,36.7294521187432,3.0477331631484,66.5578833796484
"Sexsmith",4.46657119464792,1068.44997055681,245.587785654476,0.538410288793966,0.589962477653141,1.71900512324646,39.3721702450421,2.02554999009294,65.3186350641118
"Peace River",4.21852931790482,650.357045154908,258.42262878842,0.88424611678347,0.887905800137669,1.25398978660814,37.3722306918353,1.90215801157739,62.4260361401284
"McLennan",3.9196845428492,356.852104077384,188.302155312448,0.707465963019058,0.712511015983581,1.99638057639822,37.7135041903239,2.48227904187385,64.7624494858677
"Falher",4.40775190020432,550.149613430065,227.629044964143,0.285818648105487,0.294194889620333,2.23897178901825,39.4019360095263,2.51359175660297,62.0238597699201
"Spirit River",4.72810439816526,223.210059032201,201.024558353744,0.690774720208719,0.694224314454767,2.21204985014629,36.9434338831343,1.93700024115987,65.1376220330263
"Fairview",5.10252091578012,190.560351063683,247.830018852593,0.728747608419508,0.731535306073314,1.11664879368618,36.2290261511225,1.2348424827445,61.7689053093461
"Grimshaw",5.4352459458157,271.707717601167,234.097043328878,0.548377920687199,0.549335398967378,2.38969690690283,37.5461391394492,2.13210707376486,66.1543105174443
"Fernie",4.9563067329432,318.48645436404,230.121303722622,0.741542612016201,0.751654941634786,2.28454587154556,35.4856473696418,1.70136211070127,63.1058660386959
"Cranbrook",5.14049209468147,396.311484231319,263.128804762489,0.230811838340014,0.233231584038585,2.7898393641226,37.4981029692572,1.4621385249251,63.9045183754555
"Kimberley",3.55994725051752,84.1050159773596,205.637681112061,0.753051161114126,0.755549506060235,1.81480654305778,35.8986016805284,1.84170784827718,62.4857890511166
"Creston",5.27649287500665,495.676048560132,177.895330968564,1.15117174671032,1.1740745591639,2.64075445872732,39.1430913761724,2.22549962908793,63.6556664972177
"Nelson",5.05910193676159,589.905944830095,210.084230408428,1.12230410967022,1.13714445700785,3.40317343897186,36.2169748125598,1.89400721761814,62.0886781682325
"Castlegar",5.13574351697722,707.337262192168,225.78587942687,0.501287040580064,0.50930437640245,2.48961405537557,35.5865089793224,1.69157353974428,62.4686731773228
"Trail",3.84429097280974,178.478779769177,243.315402316347,0.774267907999456,0.791832304428423,1.39949863404036,35.1654597523157,2.4236927877093,62.4614569041611
"Rossland",4.00438278126389,463.296276753026,249.91086936323,0.92838127380237,0.933444517338648,1.17611891124398,36.7043338203803,1.83533828350411,62.2906962019587
"Grand Forks",5.25250031705871,562.43119889814,179.726241415466,0.743024538084865,0.745235839965753,2.21928838198073,39.3658724240959,1.23431510018235,63.2719151955488
"Greenwood",3.4853824832127,486.079814579962,201.068638044161,0.86785885556601,0.880619754585949,1.29520830349065,38.1130956101697,1.19320174674692,60.4822222728323
"Osoyoos",5.13058004609357,73.1579518988528,203.675197762718,0.736475967848673,0.741010892423801,2.61412723106332,36.5203792857938,1.50223451446602,61.9479506829914
"Oliver",5.05665387968647,918.531706083786,194.583589483418,0.440485589019954,0.441997114866972,3.13472640723921,37.7199988684151,1.48834999838717,61.7511726220486
"Princeton",4.66551809330511,612.475540219782,165.16507165941,0.706556255510077,0.712487706895918,1.74861976876855,38.9960643008817,1.81204445618724,60.7177270936593
"Penticton",5.62842609159063,442.97314467977,147.898780700889,0.753754308260977,0.76967212308163,3.11538015236147,36.3352968718391,1.81423957921489,63.6593961212175
"Chilliwack",4.94318201156855,312.626160721621,207.926545218011,0.481716810772195,0.498677555237988,2.48063382948749,39.4491401209962,2.25306867122358,61.8062158066085
"Abbotsford",4.47352974260271,633.804639293196,203.272215503453,0.234609673079103,0.238529057218693,2.08270203100983,37.642591400072,2.44844467360785,64.5372941749036
"Langley",5.67311974017607,790.174806701285,222.126931609532,0.436103557981551,0.457025110440931,3.11158522882033,38.7612054729834,2.18891527667833,64.5318443911074
"Surrey",5.55844447619938,874.257323919052,164.52809865348,0.76651979056187,0.775477989483205,3.02031177841127,35.6669693242293,1.98451870224897,64.4193305491942
"White Rock",6.15325917959867,485.499851321308,219.887856295316,0.549820439238101,0.571883468972323,3.16662801895291,35.4683582077269,0.741291232102739,62.1014430367527
"Richmond",5.69253164939147,439.254915863302,168.660841813653,0.806799250235781,0.814101849300367,3.37908944161609,36.6293135622982,1.82037892822519,65.8684581214064
"Vancouver",6.48900378097111,561.006208154794,194.827456572153,0.823493796447292,0.829583190572448,3.40697166335303,38.6615460552275,2.38482847644126,64.7112511260408
"Burnaby",6.52173049414615,304.169265846044,194.383552377327,0.914413891779259,0.918992333321458,3.25926228566095,36.6977947065607,1.22135306542478,62.1292125558371
"New Westminster",7.42035681909995,657.379503746154,171.323176077648,0.855930519336835,0.874108193376193,3.48810282500926,37.4233991943765,2.14498117635097,63.6378267709306
"Coquitlam",5.36541143187421,592.235239312911,208.274432431636,0.511613382073119,0.529029278614649,3.04107042751275,37.835512352176,0.999158132577282,63.2652378673205
"Port Coquitlam",6.40177116193496,253.818366766542,186.971129955736,1.00813439493068,1.0165367761753,3.11741395678837,38.9773864950985,1.67116205446322,63.3193776852004
"Port Moody",4.8049932943914,896.535257799829,230.694086702823,0.889493366749957,0.890750692016445,3.48212524491828,35.909249742981,1.00086705463518,61.9748377321021
"North Vancouver",5.44816118722268,332.960671276795,209.283106248576,0.50748979980126,0.508040734073147,3.2161250897916,39.8456922068726,1.37853655101414,61.7281893437965
"Pitt Meadows",3.97588122661432,268.701586029881,233.749256450761,0.230729998834431,0.235445107826963,1.0923806654755,36.4902744453866,1.49736361616293,60.7912030250207
"Maple Ridge",3.54486048053966,310.712811687957,223.66508903463,0.574185929773375,0.582689328798604,2.08659726777114,37.3870343517046,1.92246602059049,65.7427761368046
"Sidney",5.36136845925821,344.216094461625,176.652096882212,1.09687153487466,1.11111707935957,3.02096315065864,36.5536952938419,2.0482622996375,63.3071234866167
"Victoria",5.87994510670343,541.838848730666,220.094746387008,0.858742890926078,0.86376555913128,3.43937061377801,39.0903459338006,2.23277312826801,63.7897196442443
"Colwood",6.00669483886973,405.938154914736,237.776973441083,0.454360795719549,0.461427660956559,3.19845978915691,39.5329734473489,2.17306597347882,63.7983444175692
"Langford",5.40822799470903,758.084504898454,206.121456099838,1.14123787502758,1.14463501373772,3.44723279646132,37.0615029439796,0.936903746925797,60.3927233763837
"View Royal",5.67848974573196,200.950070461688,182.800401080927,0.617892209021375,0.630253810965967,2.73410314379726,36.7021526128519,1.61540721292327,63.9529076249071
"Duncan",6.41460727543775,700.712411310343,201.92622822912,0.646899042464793,0.648152160779573,3.12402094388381,38.2253790704999,0.647361393062862,61.6075064811596
"Lake Cowichan",4.9841105506108,401.334135394075,244.353535793979,0.9196044921875,0.936312876566404,2.27501377603039,36.1605997907463,1.87328695298322,62.8032877305089
"Ladysmith",5.37893421052324,325.451939570828,211.673946993904,1.19952184176072,1.19986271191215,2.60574489925057,39.4763352023438,1.3761964757741,62.4612076247275
"Nanaimo",5.31974515430903,287.16601265236,175.379849364777,0.574131688615307,0.591558558129797,3.44306593039073,37.9986812802963,1.23887642628152,62.6181355811677
"Parksville",5.54220800874147,439.616983139399,145.822610767342,0.633905342128128,0.639096552352421,3.4765551435994,38.7288580159657,2.07415012500852,63.0652496280649
"Qualicum Beach",4.62136929525676,270.457790468339,158.801877510507,0.337248779181391,0.337626198409833,2.81668831955176,36.6718081524596,1.39449525421734,61.8783906796659
"Port Alberni",5.49781658085681,263.825240111223,216.942700454997,1.19309143028222,1.19333829750671,3.37408229673747,36.5192731283605,1.39486889843288,62.3708976584681
"Campbell River",4.25374644160717,700.353178443089,201.143015022356,0.29295830829069,0.320594138874343,1.68554339534603,37.0210366009269,2.33004681733644,64.581700687775
"Comox",5.62887379548714,809.992677943474,181.118965063936,1.15244983467273,1.15435786715243,3.49152156733908,39.565910800593,1.9403949428344,64.443157346513
"Courtenay",5.56934803094534,324.319139100784,219.19630324428,1.18108680732548,1.18227182607166,2.99731942557264,35.906646681251,1.63904413011173,61.5034772984849
"Powell River",5.00510887957741,411.742375405889,223.165800759195,0.225870191631839,0.246595295694748,2.7983742976794,36.191630079411,2.2663190581327,63.0746808536759
"Gibsons",5.12365609016692,201.438256182098,213.710696433435,0.778243952710181,0.786009948194059,3.38305638427846,37.4553277902305,0.997440186292886,60.7992731555373
"Merritt",4.68001900851367,411.2545721932,205.487518685203,0.796259904792532,0.804718747686526,1.44666957994923,36.806455780752,2.49959991281836,61.9453903446737
"Kamloops",5.85417299287412,575.895470140492,188.757823908264,0.830681275157258,0.832862921864726,2.07635390060022,35.7436854415573,1.71905642065047,62.2295847656043
"Kelowna",5.55623874269262,568.685745197626,184.67412687418,0.746360179083422,0.769465221085312,2.810074903653,36.6110582102556,3.00779147814835,64.0136945103495
"Vernon",3.8075046430099,399.010946667177,165.366926619957,0.891629265202209,0.895458467216231,2.40355758694932,39.975836725207,1.61883850588884,62.0409230772262
"Armstrong",5.72633538666663,305.897233376687,224.245152985886,0.890569579135627,0.905737171451652,3.43224973464385,36.4222527923994,1.21072914807938,64.8306073248173
"Enderby",5.43934945781913,479.101672348272,224.446593344832,1.12949843895622,1.13086252435235,2.69096181727946,35.198724224465,1.12504994448783,60.0701331375162
"Golden",6.01366057241947,64.3364585024257,225.321457781863,0.661701601045206,0.681694091604182,2.24449836183339,39.3261570564937,1.57286226399891,63.3481116421683
"Revelstoke",4.43573568155389,292.706242496577,179.219403486509,0.222443132475019,0.223279380815059,1.62927810824476,38.9786030026153,2.1371314502232,60.9238597050517
"Salmon Arm",3.6487939645442,608.042710943136,184.216002248132,0.847099872818217,0.848580891606398,1.93558536958881,36.1324493947905,1.11719833865483,61.9303568871105
"Williams Lake",4.66597928918028,300.999333264687,195.252413032117,0.588691820437089,0.606077750035653,2.04568973300047,38.3897440123837,1.689244607356,65.3112320767802
"Quesnel",4.27166526626225,137.90818952504,171.821276320842,0.333969554211944,0.341831144901274,1.40147833083756,39.5295254618395,2.18836940768183,61.8688456091815
"Port McNeill",4.7598939335964,755.37592683789,226.297326891167,0.973224313044921,0.987994434041062,1.0057455401402,38.8438002462499,1.93959327912583,62.1068823787365
"Prince Rupert",4.34879626672946,823.177610944229,211.190742197348,0.230978297814727,0.231347355791368,1.8918399901595,36.4824683777988,1.66944138186946,63.7582676175688
"Terrace",3.75108272079624,85.1106365455774,201.40490557014,1.04960986068472,1.05183431445155,1.0971464398317,35.5738814081997,1.93452668682598,62.8037394305662
"Smithers",4.1280310375179,562.804888434302,184.204997304075,0.72420471329242,0.727068277415819,2.20727813383564,35.9415281179827,1.30394668403529,61.6853059214877
"Prince George",4.13015503699281,417.676443440219,211.237736199092,1.06789328465238,1.09352021835618,1.90250246785581,37.019813345978,2.03811819217315,62.5085666986857
"Dawson Creek",5.55550008969043,333.138408338074,223.758950901725,0.43793158843182,0.46426193558485,2.69125138979871,35.5953875347041,1.46808268778529,62.4454390543476
"Fort St. John",5.67261925900114,571.801984171239,200.678060035199,0.26404564762488,0.266300990730955,2.89078987506218,39.4857259199489,2.05179991209658,64.8998319176898
